triage-artifacts/local/findings-api-cve-212823/main/crashes/id:000000,sig:11,src:000000,time:979,execs:331,op:havoc,rep:3	134	asan_segv_png_set_text_2	pocs/text_api_triage/per_crash_logs/crash_1.log
triage-artifacts/local/findings-api-cve-212823/main/crashes/id:000001,sig:11,src:000000,time:2037,execs:680,op:havoc,rep:3	134	asan_segv_png_set_text_2	pocs/text_api_triage/per_crash_logs/crash_2.log
triage-artifacts/local/findings-api-cve-212823/main/crashes/id:000002,sig:06,src:000000,time:2273,execs:760,op:havoc,rep:3	0	non_reproducing_clean_exit	pocs/text_api_triage/per_crash_logs/crash_3.log
triage-artifacts/local/findings-api-cve-212823/main/crashes/id:000003,sig:11,src:000000,time:3657,execs:1232,op:havoc,rep:4	134	asan_segv_png_set_text_2	pocs/text_api_triage/per_crash_logs/crash_4.log
triage-artifacts/local/findings-api-cve-212823/main/crashes/id:000004,sig:11,src:000000,time:4955,execs:1674,op:havoc,rep:4	134	asan_segv_png_set_text_2	pocs/text_api_triage/per_crash_logs/crash_5.log
triage-artifacts/local/findings-api-cve-212823/main/crashes/id:000005,sig:11,src:000000,time:5062,execs:1708,op:havoc,rep:4	134	asan_segv_png_set_text_2	pocs/text_api_triage/per_crash_logs/crash_6.log
triage-artifacts/local/findings-api-cve-212823/main/crashes/id:000006,sig:06,src:000000,time:13126,execs:4414,op:havoc,rep:4	0	non_reproducing_clean_exit	pocs/text_api_triage/per_crash_logs/crash_7.log
triage-artifacts/local/findings-api-cve-212823/main/crashes/id:000007,sig:06,src:000012,time:41167,execs:13838,op:havoc,rep:15	0	non_reproducing_clean_exit	pocs/text_api_triage/per_crash_logs/crash_8.log
triage-artifacts/local/findings-api-cve-212823/main/crashes/id:000008,sig:11,src:000035,time:76900,execs:25591,op:havoc,rep:57	134	asan_segv_png_set_text_2	pocs/text_api_triage/per_crash_logs/crash_9.log
triage-artifacts/local/findings-api-cve-212823/main/crashes/id:000009,sig:11,src:000035,time:77436,execs:25772,op:havoc,rep:51	134	asan_segv_png_set_text_2	pocs/text_api_triage/per_crash_logs/crash_10.log
triage-artifacts/local/findings-api-cve-212823/main/crashes/id:000010,sig:11,src:000035,time:77895,execs:25929,op:havoc,rep:42	134	asan_segv_png_set_text_2	pocs/text_api_triage/per_crash_logs/crash_11.log
triage-artifacts/local/findings-api-cve-212823/worker2/crashes/id:000000,sig:11,src:000000,time:764,execs:263,op:havoc,rep:4	134	asan_segv_png_set_text_2	pocs/text_api_triage/per_crash_logs/crash_12.log
triage-artifacts/local/findings-api-cve-212823/worker2/crashes/id:000001,sig:11,src:000000,time:1362,execs:468,op:havoc,rep:3	134	asan_segv_png_set_text_2	pocs/text_api_triage/per_crash_logs/crash_13.log
triage-artifacts/local/findings-api-cve-212823/worker2/crashes/id:000002,sig:11,src:000000,time:1492,execs:509,op:havoc,rep:1	134	asan_segv_png_set_text_2	pocs/text_api_triage/per_crash_logs/crash_14.log
triage-artifacts/local/findings-api-cve-212823/worker2/crashes/id:000003,sig:11,src:000000,time:2184,execs:741,op:havoc,rep:4	134	asan_segv_png_set_text_2	pocs/text_api_triage/per_crash_logs/crash_15.log
triage-artifacts/local/findings-api-cve-212823/worker2/crashes/id:000004,sig:06,src:000000,time:2525,execs:861,op:havoc,rep:3	0	non_reproducing_clean_exit	pocs/text_api_triage/per_crash_logs/crash_16.log
triage-artifacts/local/findings-api-cve-212823/worker2/crashes/id:000005,sig:11,src:000000,time:5373,execs:1855,op:havoc,rep:4	134	asan_segv_png_set_text_2	pocs/text_api_triage/per_crash_logs/crash_17.log
triage-artifacts/local/findings-api-cve-212823/worker2/crashes/id:000006,sig:06,src:000001,time:37908,execs:13131,op:havoc,rep:2	0	non_reproducing_clean_exit	pocs/text_api_triage/per_crash_logs/crash_18.log
triage-artifacts/local/findings-api-cve-212823/worker2/crashes/id:000007,sig:11,src:000027,time:40620,execs:14076,op:havoc,rep:2	134	asan_segv_png_set_text_2	pocs/text_api_triage/per_crash_logs/crash_19.log
triage-artifacts/local/findings-api-cve-212823/worker2/crashes/id:000008,sig:11,src:000034,time:56578,execs:19476,op:havoc,rep:8	134	asan_segv_png_set_text_2	pocs/text_api_triage/per_crash_logs/crash_20.log
triage-artifacts/local/findings-api-cve-212823/worker2/crashes/id:000009,sig:06,src:000039,time:62295,execs:21377,op:havoc,rep:16	0	non_reproducing_clean_exit	pocs/text_api_triage/per_crash_logs/crash_21.log
triage-artifacts/local/findings-api-cve-212823/worker2/crashes/id:000010,sig:06,src:000038,time:122256,execs:42121,op:havoc,rep:2	0	non_reproducing_clean_exit	pocs/text_api_triage/per_crash_logs/crash_22.log
triage-artifacts/local/findings-api-cve-212823/worker3/crashes/id:000000,sig:11,src:000000,time:833,execs:282,op:havoc,rep:16	134	asan_segv_png_set_text_2	pocs/text_api_triage/per_crash_logs/crash_23.log
triage-artifacts/local/findings-api-cve-212823/worker3/crashes/id:000001,sig:11,src:000000,time:1231,execs:415,op:havoc,rep:9	134	asan_segv_png_set_text_2	pocs/text_api_triage/per_crash_logs/crash_24.log
triage-artifacts/local/findings-api-cve-212823/worker3/crashes/id:000002,sig:11,src:000000,time:1399,execs:470,op:havoc,rep:13	134	asan_segv_png_set_text_2	pocs/text_api_triage/per_crash_logs/crash_25.log
triage-artifacts/local/findings-api-cve-212823/worker3/crashes/id:000003,sig:11,src:000000,time:1837,execs:614,op:havoc,rep:14	134	asan_segv_png_set_text_2	pocs/text_api_triage/per_crash_logs/crash_26.log
triage-artifacts/local/findings-api-cve-212823/worker3/crashes/id:000004,sig:11,src:000000,time:2057,execs:688,op:havoc,rep:10	134	asan_segv_png_set_text_2	pocs/text_api_triage/per_crash_logs/crash_27.log
triage-artifacts/local/findings-api-cve-212823/worker3/crashes/id:000005,sig:06,src:000000,time:3447,execs:1165,op:havoc,rep:10	0	non_reproducing_clean_exit	pocs/text_api_triage/per_crash_logs/crash_28.log
triage-artifacts/local/findings-api-cve-212823/worker3/crashes/id:000006,sig:11,src:000000,time:5330,execs:1813,op:havoc,rep:4	134	asan_segv_png_set_text_2	pocs/text_api_triage/per_crash_logs/crash_29.log
triage-artifacts/local/findings-api-cve-212823/worker3/crashes/id:000007,sig:11,src:000000,time:12843,execs:4369,op:havoc,rep:15	134	asan_segv_png_set_text_2	pocs/text_api_triage/per_crash_logs/crash_30.log
triage-artifacts/local/findings-api-cve-212823/worker3/crashes/id:000008,sig:06,src:000000,time:16334,execs:5541,op:havoc,rep:12	0	non_reproducing_clean_exit	pocs/text_api_triage/per_crash_logs/crash_31.log
triage-artifacts/local/findings-api-cve-212823/worker3/crashes/id:000009,sig:06,src:000035,time:145468,execs:49163,op:havoc,rep:3	0	non_reproducing_clean_exit	pocs/text_api_triage/per_crash_logs/crash_32.log
triage-artifacts/local/findings-api-cve-212823/worker3/crashes/id:000010,sig:11,src:000036,time:146981,execs:49674,op:quick,pos:2	134	asan_segv_png_set_text_2	pocs/text_api_triage/per_crash_logs/crash_33.log
triage-artifacts/local/findings-api-cve-212823/worker3/crashes/id:000011,sig:11,src:000037,time:150920,execs:51004,op:havoc,rep:52	134	asan_segv_png_set_text_2	pocs/text_api_triage/per_crash_logs/crash_34.log
triage-artifacts/local/findings-api-cve-212823/worker4/crashes/id:000000,sig:11,src:000000,time:2708,execs:921,op:havoc,rep:2	134	asan_segv_png_set_text_2	pocs/text_api_triage/per_crash_logs/crash_35.log
triage-artifacts/local/findings-api-cve-212823/worker4/crashes/id:000001,sig:11,src:000000,time:4397,execs:1507,op:havoc,rep:2	134	asan_segv_png_set_text_2	pocs/text_api_triage/per_crash_logs/crash_36.log
triage-artifacts/local/findings-api-cve-212823/worker4/crashes/id:000002,sig:11,src:000000,time:7945,execs:2726,op:havoc,rep:2	134	asan_segv_png_set_text_2	pocs/text_api_triage/per_crash_logs/crash_37.log
triage-artifacts/local/findings-api-cve-212823/worker4/crashes/id:000003,sig:11,src:000000,time:30628,execs:10557,op:havoc,rep:2	134	asan_segv_png_set_text_2	pocs/text_api_triage/per_crash_logs/crash_38.log
triage-artifacts/local/findings-api-cve-212823/worker4/crashes/id:000004,sig:06,src:000001,time:38286,execs:13140,op:havoc,rep:7	0	non_reproducing_clean_exit	pocs/text_api_triage/per_crash_logs/crash_39.log
triage-artifacts/local/findings-api-cve-212823/worker4/crashes/id:000005,sig:06,src:000001,time:38321,execs:13152,op:havoc,rep:14	0	non_reproducing_clean_exit	pocs/text_api_triage/per_crash_logs/crash_40.log
triage-artifacts/local/findings-api-cve-212823/worker4/crashes/id:000006,sig:06,src:000001,time:39018,execs:13390,op:havoc,rep:5	0	non_reproducing_clean_exit	pocs/text_api_triage/per_crash_logs/crash_41.log
triage-artifacts/local/findings-api-cve-212823/worker4/crashes/id:000007,sig:11,src:000001,time:39853,execs:13673,op:havoc,rep:4	134	asan_segv_png_set_text_2	pocs/text_api_triage/per_crash_logs/crash_42.log
triage-artifacts/local/findings-api-cve-212823/worker4/crashes/id:000008,sig:11,src:000035,time:73029,execs:24711,op:quick,pos:2	134	asan_segv_png_set_text_2	pocs/text_api_triage/per_crash_logs/crash_43.log
triage-artifacts/local/findings-api-cve-212823/worker4/crashes/id:000009,sig:06,src:000035,time:103477,execs:35015,op:havoc,rep:2	0	non_reproducing_clean_exit	pocs/text_api_triage/per_crash_logs/crash_44.log
triage-artifacts/local/findings-api-cve-212823/worker4/crashes/id:000010,sig:06,src:000038,time:146404,execs:49599,op:havoc,rep:7	0	non_reproducing_clean_exit	pocs/text_api_triage/per_crash_logs/crash_45.log
triage-artifacts/local/findings-api-cve-212823/worker5/crashes/id:000000,sig:11,src:000000,time:218,execs:106,op:havoc,rep:11	134	asan_segv_png_set_text_2	pocs/text_api_triage/per_crash_logs/crash_46.log
triage-artifacts/local/findings-api-cve-212823/worker5/crashes/id:000001,sig:06,src:000000,time:1004,execs:337,op:havoc,rep:16	0	non_reproducing_clean_exit	pocs/text_api_triage/per_crash_logs/crash_47.log
triage-artifacts/local/findings-api-cve-212823/worker5/crashes/id:000002,sig:11,src:000000,time:1055,execs:354,op:havoc,rep:15	134	asan_segv_png_set_text_2	pocs/text_api_triage/per_crash_logs/crash_48.log
triage-artifacts/local/findings-api-cve-212823/worker5/crashes/id:000003,sig:11,src:000000,time:1253,execs:419,op:havoc,rep:16	134	asan_segv_png_set_text_2	pocs/text_api_triage/per_crash_logs/crash_49.log
triage-artifacts/local/findings-api-cve-212823/worker5/crashes/id:000004,sig:11,src:000000,time:1581,execs:527,op:havoc,rep:16	134	asan_segv_png_set_text_2	pocs/text_api_triage/per_crash_logs/crash_50.log
triage-artifacts/local/findings-api-cve-212823/worker5/crashes/id:000005,sig:11,src:000000,time:2595,execs:868,op:havoc,rep:12	134	asan_segv_png_set_text_2	pocs/text_api_triage/per_crash_logs/crash_51.log
triage-artifacts/local/findings-api-cve-212823/worker5/crashes/id:000006,sig:06,src:000000,time:3105,execs:1039,op:havoc,rep:12	0	non_reproducing_clean_exit	pocs/text_api_triage/per_crash_logs/crash_52.log
triage-artifacts/local/findings-api-cve-212823/worker5/crashes/id:000007,sig:06,src:000000,time:4645,execs:1561,op:havoc,rep:16	0	non_reproducing_clean_exit	pocs/text_api_triage/per_crash_logs/crash_53.log
triage-artifacts/local/findings-api-cve-212823/worker5/crashes/id:000008,sig:11,src:000036,time:57905,execs:19382,op:quick,pos:2	134	asan_segv_png_set_text_2	pocs/text_api_triage/per_crash_logs/crash_54.log
triage-artifacts/local/findings-api-cve-212823/worker5/crashes/id:000009,sig:06,src:000036,time:59163,execs:19804,op:havoc,rep:8	0	non_reproducing_clean_exit	pocs/text_api_triage/per_crash_logs/crash_55.log
triage-artifacts/local/findings-api-cve-212823/worker5/crashes/id:000010,sig:06,src:000042,time:124251,execs:41488,op:havoc,rep:1	0	non_reproducing_clean_exit	pocs/text_api_triage/per_crash_logs/crash_56.log
triage-artifacts/local/findings-api-cve-212823/worker6/crashes/id:000000,sig:11,src:000000,time:673,execs:232,op:int32,pos:0,val:-128	134	asan_segv_png_set_text_2	pocs/text_api_triage/per_crash_logs/crash_57.log
triage-artifacts/local/findings-api-cve-212823/worker6/crashes/id:000001,sig:11,src:000000,time:1124,execs:378,op:havoc,rep:2	134	asan_segv_png_set_text_2	pocs/text_api_triage/per_crash_logs/crash_58.log
triage-artifacts/local/findings-api-cve-212823/worker6/crashes/id:000002,sig:11,src:000000,time:2302,execs:769,op:havoc,rep:6	134	asan_segv_png_set_text_2	pocs/text_api_triage/per_crash_logs/crash_59.log
triage-artifacts/local/findings-api-cve-212823/worker6/crashes/id:000003,sig:11,src:000000,time:3355,execs:1127,op:havoc,rep:7	134	asan_segv_png_set_text_2	pocs/text_api_triage/per_crash_logs/crash_60.log
triage-artifacts/local/findings-api-cve-212823/worker6/crashes/id:000004,sig:11,src:000000,time:6367,execs:2142,op:havoc,rep:6	134	asan_segv_png_set_text_2	pocs/text_api_triage/per_crash_logs/crash_61.log
triage-artifacts/local/findings-api-cve-212823/worker6/crashes/id:000005,sig:11,src:000000,time:6633,execs:2229,op:havoc,rep:7	134	asan_segv_png_set_text_2	pocs/text_api_triage/per_crash_logs/crash_62.log
triage-artifacts/local/findings-api-cve-212823/worker6/crashes/id:000006,sig:06,src:000000,time:17631,execs:5923,op:havoc,rep:8	0	non_reproducing_clean_exit	pocs/text_api_triage/per_crash_logs/crash_63.log
triage-artifacts/local/findings-api-cve-212823/worker6/crashes/id:000007,sig:06,src:000000,time:19345,execs:6501,op:havoc,rep:8	0	non_reproducing_clean_exit	pocs/text_api_triage/per_crash_logs/crash_64.log
triage-artifacts/local/findings-api-cve-212823/worker6/crashes/id:000008,sig:11,src:000042,time:155572,execs:52339,op:havoc,rep:1	134	asan_segv_png_set_text_2	pocs/text_api_triage/per_crash_logs/crash_65.log
triage-artifacts/local/findings-api-cve-212823/worker6/crashes/id:000009,sig:06,src:000042,time:157659,execs:53035,op:havoc,rep:3	0	non_reproducing_clean_exit	pocs/text_api_triage/per_crash_logs/crash_66.log
triage-artifacts/local/findings-api-cve-212823/worker6/crashes/id:000010,sig:11,src:000040,time:175712,execs:59079,op:havoc,rep:4	134	asan_segv_png_set_text_2	pocs/text_api_triage/per_crash_logs/crash_67.log
triage-artifacts/local/findings-api-cve-212823/worker7/crashes/id:000000,sig:11,src:000000,time:1377,execs:460,op:havoc,rep:1	134	asan_segv_png_set_text_2	pocs/text_api_triage/per_crash_logs/crash_68.log
triage-artifacts/local/findings-api-cve-212823/worker7/crashes/id:000001,sig:11,src:000000,time:3804,execs:1278,op:havoc,rep:2	134	asan_segv_png_set_text_2	pocs/text_api_triage/per_crash_logs/crash_69.log
triage-artifacts/local/findings-api-cve-212823/worker7/crashes/id:000002,sig:11,src:000000,time:7129,execs:2393,op:havoc,rep:2	134	asan_segv_png_set_text_2	pocs/text_api_triage/per_crash_logs/crash_70.log
triage-artifacts/local/findings-api-cve-212823/worker7/crashes/id:000003,sig:11,src:000000,time:16714,execs:5608,op:havoc,rep:2	134	asan_segv_png_set_text_2	pocs/text_api_triage/per_crash_logs/crash_71.log
triage-artifacts/local/findings-api-cve-212823/worker7/crashes/id:000004,sig:11,src:000000,time:36158,execs:12204,op:havoc,rep:2	134	asan_segv_png_set_text_2	pocs/text_api_triage/per_crash_logs/crash_72.log
triage-artifacts/local/findings-api-cve-212823/worker7/crashes/id:000005,sig:06,src:000000,time:38465,execs:12961,op:havoc,rep:2	0	non_reproducing_clean_exit	pocs/text_api_triage/per_crash_logs/crash_73.log
triage-artifacts/local/findings-api-cve-212823/worker7/crashes/id:000006,sig:06,src:000001,time:39022,execs:13148,op:havoc,rep:2	0	non_reproducing_clean_exit	pocs/text_api_triage/per_crash_logs/crash_74.log
triage-artifacts/local/findings-api-cve-212823/worker7/crashes/id:000007,sig:06,src:000038,time:49676,execs:16679,op:havoc,rep:11	0	non_reproducing_clean_exit	pocs/text_api_triage/per_crash_logs/crash_75.log
triage-artifacts/local/findings-api-cve-212823/worker7/crashes/id:000008,sig:06,src:000045,time:192947,execs:64328,op:havoc,rep:2	0	non_reproducing_clean_exit	pocs/text_api_triage/per_crash_logs/crash_76.log
triage-artifacts/local/findings-api-cve-212823/worker7/crashes/id:000009,sig:06,src:000045,time:192997,execs:64345,op:havoc,rep:2	0	non_reproducing_clean_exit	pocs/text_api_triage/per_crash_logs/crash_77.log
triage-artifacts/local/findings-api-cve-212823/worker7/crashes/id:000010,sig:11,src:000045,time:193084,execs:64375,op:havoc,rep:6	134	asan_segv_png_set_text_2	pocs/text_api_triage/per_crash_logs/crash_78.log
triage-artifacts/local/findings-api-cve-212823/worker8/crashes/id:000000,sig:06,src:000000,time:240,execs:115,op:havoc,rep:2	134	asan_segv_png_set_text_2	pocs/text_api_triage/per_crash_logs/crash_79.log
triage-artifacts/local/findings-api-cve-212823/worker8/crashes/id:000001,sig:11,src:000000,time:2064,execs:696,op:havoc,rep:2	134	asan_segv_png_set_text_2	pocs/text_api_triage/per_crash_logs/crash_80.log
triage-artifacts/local/findings-api-cve-212823/worker8/crashes/id:000002,sig:11,src:000000,time:2275,execs:769,op:havoc,rep:1	134	asan_segv_png_set_text_2	pocs/text_api_triage/per_crash_logs/crash_81.log
triage-artifacts/local/findings-api-cve-212823/worker8/crashes/id:000003,sig:11,src:000000,time:5972,execs:2037,op:havoc,rep:2	134	asan_segv_png_set_text_2	pocs/text_api_triage/per_crash_logs/crash_82.log
triage-artifacts/local/findings-api-cve-212823/worker8/crashes/id:000004,sig:11,src:000000,time:10875,execs:3715,op:havoc,rep:2	134	asan_segv_png_set_text_2	pocs/text_api_triage/per_crash_logs/crash_83.log
triage-artifacts/local/findings-api-cve-212823/worker8/crashes/id:000005,sig:11,src:000000,time:11551,execs:3950,op:havoc,rep:2	134	asan_segv_png_set_text_2	pocs/text_api_triage/per_crash_logs/crash_84.log
triage-artifacts/local/findings-api-cve-212823/worker8/crashes/id:000006,sig:06,src:000001,time:38455,execs:13166,op:havoc,rep:3	0	non_reproducing_clean_exit	pocs/text_api_triage/per_crash_logs/crash_85.log
triage-artifacts/local/findings-api-cve-212823/worker8/crashes/id:000007,sig:11,src:000001,time:38781,execs:13278,op:havoc,rep:4	134	asan_segv_png_set_text_2	pocs/text_api_triage/per_crash_logs/crash_86.log
triage-artifacts/local/findings-api-cve-212823/worker8/crashes/id:000008,sig:11,src:000028,time:49279,execs:16798,op:havoc,rep:15	134	asan_segv_png_set_text_2	pocs/text_api_triage/per_crash_logs/crash_87.log
triage-artifacts/local/findings-api-cve-212823/worker8/crashes/id:000009,sig:06,src:000042,time:210667,execs:71475,op:havoc,rep:2	0	non_reproducing_clean_exit	pocs/text_api_triage/per_crash_logs/crash_88.log
triage-artifacts/local/findings-api-cve-212823/worker8/crashes/id:000010,sig:11,src:000042,time:211877,execs:71877,op:havoc,rep:6	134	asan_segv_png_set_text_2	pocs/text_api_triage/per_crash_logs/crash_89.log
triage-artifacts/local/findings-api-cve-212823/worker8/crashes/id:000011,sig:06,src:000043,time:214548,execs:72763,op:havoc,rep:7	0	non_reproducing_clean_exit	pocs/text_api_triage/per_crash_logs/crash_90.log
